<?xml version="1.0" encoding="utf-8"?>
<prefix name="snowfall" label="Snow Fall Effect" language_tag="en" language_label="English"><key name="admin_invalid_number_error"><value>Should be a valid Integer value</value></key><key name="admin_max_size"><value>Maximum Snow Flake Size</value></key><key name="admin_min_size"><value>Minimum Snow Flake Size</value></key><key name="admin_new_flake_color"><value>Flake Color</value></key><key name="admin_new_flake_time"><value>Frequency of appearing of new snowflake (millisecond)</value></key><key name="admin_save_settings"><value>Save Settings</value></key><key name="admin_settings_title"><value>Snow Fall Effect - Settings</value></key><key name="user_save_success"><value>Settings saved successfully</value></key></prefix>
